Workbook

Sheet Pufferzonen
A1: Ebene | B1: Beschreibung | C1: RM1 | D1: RM2 | E1: 5- SF2 | F1: 6-SF2 | G1: 7-SF2 | H1: 8-SF2 | I1: CT5- FG1 | J1: CT6-FG1 | K1: CT7-FG1 | L1: TT6-FG1 | M1: TT7-FG2 | N1: TT8-FG3 | T1: CT5-SF3
A2: Item | B2: Name der Komponente | C2: Wellenrohling | D2: Aluminiumblock | E2: Antiebswelle 5 | F2: Antiebswelle 6 | G2: Antiebswelle 7 | H2: Antiebswelle 8 | I2: Autogetriebe 5 | J2: Autogetriebe 6 | K2: Autogetriebe 7 | L2: LKW-Getriebe 6 | M2: LKW-Getriebe 7 | N2: LKW-Getriebe 8 | T2: Betriebsgehäuse
A3: Kategorie | B3: RM / SF / FG | C3: RM | D3: RM | E3: SF | F3: SF | G3: SF | H3: SF | I3: FG | J3: FG | K3: FG | L3: FG | M3: FG | N3: FG | T3: SF
A4: DLT [AT oder min] | B4: Decoupled Lead Time | C4: 10 | D4: 15 | E4: 5 | F4: 5 | G4: 5 | H4: 5 | I4: 2 | J4: 2 | K4: 2 | L4: 2 | M4: 2 | N4: 2 | T4: 0.018
A5: Lead Time Category | B5: Long / Medium / Short | C5: Long | D5: Long | E5: Long | F5: Long | G5: Long | H5: Long | I5: Medium | J5: Medium | K5: Medium | L5: Medium | M5: Medium | N5: Medium | T5: Short
A6: LTF | B6: Lead Time Factor | C6: 0.3 | D6: 0.25 | E6: 0.3 | F6: 0.3 | G6: 0.3 | H6: 0.3 | I6: 0.5 | J6: 0.5 | K6: 0.5 | L6: 0.5 | M6: 0.5 | N6: 0.5 | T6: 0.9
A7: Variability Category | B7: Low / Med / High | C7: Medium | D7: High | E7: Medium | F7: Medium | G7: Medium | H7: Medium | I7: Low | J7: Low | K7: Low | L7: Low | M7: Low | N7: Low | T7: Medium
A8: VF | B8: Variability Factor | C8: 0.5 | D8: 0.7 | E8: 0.5 | F8: 0.5 | G8: 0.5 | H8: 0.5 | I8: 0.3 | J8: 0.3 | K8: 0.3 | L8: 0.3 | M8: 0.3 | N8: 0.3 | T8: 0.5
A9: ADU [pcs/day] | B9: Average Daily Usage | C9: =SUM(J38:O38)/$Q$26 | D9: =SUM(J38:O38)/$Q$26 | E9: =SUM(J26:J37)/240 | F9: =(SUM(K26:K37)+SUM(M26:M37))/240 | G9: =(SUM(L26:L37)+(SUM(N26:N37)))/240 | H9: =SUM(O26:O37)/240 | I9: =J38/$Q$26 | J9: =K38/$Q$26 | K9: =L38/$Q$26 | L9: =M38/$Q$26 | M9: =N38/$Q$26 | N9: =O38/$Q$26 | T9: =SUM(M26:M37)/240
A10: Desired Repl. Interval [AT] | B10: gewünschter Bestellzyklus | C10: 0 | D10: 0 | E10: 0 | F10: 0 | G10: 0 | H10: 0 | I10: 0 | J10: 0 | K10: 0 | L10: 0 | M10: 0 | N10: 0 | T10: 0
A11: MOQ [pcs] | B11: Mindestbestellmenge | C11: 0 | D11: 0 | E11: 0 | F11: 0 | G11: 0 | H11: 0 | I11: 0 | J11: 0 | K11: 0 | L11: 0 | M11: 0 | N11: 0 | T11: 0
A12: Rechenschritte:
A13: Term 1: MOQ | C13: 0 | D13: 0 | E13: 0 | F13: 0 | G13: 0 | H13: 0 | I13: 0 | J13: 0 | K13: 0 | L13: 0 | M13: 0 | N13: 0 | T13: 0
A14: Term 2: Interval × ADU | B14: Interval × ADU | C14: =C10*C9 | D14: =D10*D9 | E14: =E10*E9 | F14: =F10*F9 | G14: =G10*G9 | H14: =H10*H9 | I14: =I10*I9 | J14: =J10*J9 | ... N14: =N10*N9 | T14: =T10*T9
A15: Term 3: LTF × ADU × DLT | B15: LTF × ADU × DLT | C15: =C6*C9*C4 | D15: =D6*D9*D4 | E15: =E6*E9*E4 | F15: =F6*F9*F4 | G15: =G6*G9*G4 | H15: =H6*H9*H4 | I15: =I6*I9*I4 | J15: =J6*J9*J4 | ... N15: =N6*N9*N4 | T15: =T4*T9*T6
A16: Green Zone [pcs] | B16: MAX(Term1;Term2;Term3) | C16: =ROUNDUP(MAX(C13:C15),0) | D16: =ROUNDUP(MAX(D13:D15),0) | E16: =ROUNDUP(MAX(E13:E15),0) | F16: =ROUNDUP(MAX(F13:F15),0) | G16: =ROUNDUP(MAX(G13:G15),0) | H16: =ROUNDUP(MAX(H13:H15),0) | I16: =ROUNDUP(MAX(I13:I15),0) | J16: =ROUNDUP(MAX(J13:J15),0) | ... N16: =ROUNDUP(MAX(N13:N15),0) | T16: =MAX(T13:T15)
A17: Red Base [pcs] | B17: LTF x ADU x DLT | C17: =C6*C9*C4 | D17: =D6*D9*D4 | E17: =E6*E9*E4 | F17: =F6*F9*F4 | G17: =G6*G9*G4 | H17: =H6*H9*H4 | I17: =I6*I9*I4 | J17: =J6*J9*J4 | ... N17: =N6*N9*N4 | T17: =T6*T9*T4
A18: Red Safety [pcs] | B18: Red Zone Base x Variability Factor | C18: =C17*C8 | D18: =D17*D8 | E18: =E17*E8 | F18: =F17*F8 | G18: =G17*G8 | H18: =H17*H8 | I18: =I17*I8 | J18: =J17*J8 | ... N18: =N17*N8 | T18: =T17*T8
A19: Total Red Zone [pcs] | B19: Red Zone Base + Red Zone Safety | C19: =ROUNDUP(C17+C18,0) | D19: =ROUNDUP(D17+D18,0) | E19: =ROUNDUP(E17+E18,0) | F19: =ROUNDUP(F17+F18,0) | G19: =ROUNDUP(G17+G18,0) | H19: =ROUNDUP(H17+H18,0) | I19: =ROUNDUP(I17+I18,0) | J19: =ROUNDUP(J17+J18,0) | ... N19: =ROUNDUP(N17+N18,0) | T19: =T17+T18
A20: Yellow Zone [pcs] | B20: DLT x ADU | C20: =ROUNDUP((C4*C9),0) | D20: =ROUNDUP((D4*D9),0) | E20: =ROUNDUP((E4*E9),0) | F20: =ROUNDUP((F4*F9),0) | G20: =ROUNDUP((G4*G9),0) | H20: =ROUNDUP((H4*H9),0) | I20: =ROUNDUP((I4*I9),0) | J20: =ROUNDUP((J4*J9),0) | ... N20: =ROUNDUP((N4*N9),0) | T20: =(T4*T9)
A21: Total Buffer [pcs] | B21: Red + Yellow + Green | C21: =C19+C20+C16 | D21: =D19+D20+D16 | E21: =E19+E20+E16 | F21: =F19+F20+F16 | G21: =G19+G20+G16 | H21: =H19+H20+H16 | I21: =I19+I20+I16 | J21: =J19+J20+J16 | ... N21: =N19+N20+N16 | T21: =T19+T20+T16
A22: Number of Kanbans | B22: Anzahl Kanbans im Umlauf | C22: 832 | D22: 1193 | E22: 156 | F22: 163 | G22: 92 | H22: 10 | I22: 77 | J22: 16 | K22: 22 | L22: 67 | M22: 26 | N22: 5
A25: Lead Time Category | B25: LTF Range | C25: Default LTF | E25: Variability | F25: VF Range | G25: Default VF | I25: Month/product | J25: CT (5-speed) | K25: CT (6-speed) | L25: CT (7-speed) | M25: TT (6-speed) | N25: TT (7-speed) | O25: TT (8-speed) | Q25: Arbeitage / Jahr:
A26: Long | B26: 0.2–0.4 | C26: 0.3 | E26: Low | F26: 0–0.4 | G26: 0.3 | I26: -1 | J26: 391 | K26: 61 | L26: 128 | M26: 227 | N26: 95 | O26: 22 | Q26: 240
A27: Medium | B27: 0.41–0.6 | C27: 0.5 | E27: Medium | F27: 0.41–0.6 | G27: 0.5 | I27: -2 | J27: 366 | K27: 65 | L27: 78 | M27: 215 | N27: 145 | O27: 18
A28: Short | B28: 0.61–1.0 | C28: 0.9 | E28: High | F28: 0.61–1+ | G28: 0.8 | I28: -3 | J28: 402 | K28: 70 | L28: 55 | M28: 333 | N28: 96 | O28: 19
I29: -4 | J29: 294 | K29: 54 | L29: 96 | M29: 196 | N29: 121 | O29: 23
I30: -5 | J30: 359 | K30: 72 | L30: 78 | M30: 310 | N30: 89 | O30: 19
I31: -6 | J31: 356 | K31: 71 | L31: 105 | M31: 273 | N31: 101 | O31: 22
A32: ADU [pcs/day] | B32: Produkte im Jahr/ Arbeitszeit im Jahr | I32: -7 | J32: 324 | K32: 72 | L32: 111 | M32: 338 | N32: 119 | O32: 16
A33: DRI = MTBM | B33: Gesamtbetriebszeit / Anzahl der Wartungsaktivitäten | I33: -8 | J33: 382 | K33: 71 | L33: 100 | M33: 360 | N33: 142 | O33: 15
A34: MOQ = EOQ | B34: sqr(2xJahresbedafr*Bestellkosten)/Lagerkosten | I34: -9 | J34: 353 | K34: 66 | L34: 140 | M34: 318 | N34: 111 | O34: 20
I35: -10 | J35: 306 | K35: 60 | L35: 33 | M35: 375 | N35: 85 | O35: 11
I36: -11 | J36: 349 | K36: 70 | L36: 135 | M36: 416 | N36: 80 | O36: 23
I37: -12 | J37: 352 | K37: 69 | L37: 64 | M37: 291 | N37: 164 | O37: 17
I38: Gesamt | J38: =SUM(J26:J37) | K38: =SUM(K26:K37) | L38: =SUM(L26:L37) | M38: =SUM(M26:M37) | N38: =SUM(N26:N37) | O38: =SUM(O26:O37)

Sheet Pacemaker
A1: FG | B1: Yearly demand | C1: Unit price (€ per unit) | D1: Total value | E1: Percentage of total value | F1: Percentage of total quantity | I1: Bill Of Material (BOM) | J1: CT5 | K1: CT6 | L1: CT7 | M1: TT6 | N1: TT7 | O1: TT8 | P1: Total
A2: CT (5-speed) | B2: =SUM(Pufferzonen!J26:J37) | C2: 1000 | D2: =B2*C2 | E2: =D2/$D$8 | F2: =B2/$B$8 | I2: Dichtungsringe | J2: 6 | K2: 7 | L2: 4 | M2: 8 | N2: 12 | O2: 14 | P2: =SUM(J2:O2)
A3: CT (6-speed) | B3: =SUM(Pufferzonen!K26:K37) | C3: 1500 | D3: =B3*C3 | E3: =D3/$D$8 | F3: =B3/$B$8 | I3: Schrauben | J3: 12 | K3: 15 | L3: 18 | M3: 20 | N3: 25 | O3: 30 | P3: =SUM(J3:O3)
A4: CT (7-speed) | B4: =SUM(Pufferzonen!L26:L37) | C4: 3000 | D4: =B4*C4 | E4: =D4/$D$8 | F4: =B4/$B$8 | I4: Gehäuse | J4: 1 | K4: 1 | L4: 1 | M4: 1 | N4: 1 | O4: 1 | P4: =SUM(J4:O4)
A5: TT (6-speed) | B5: =SUM(Pufferzonen!M26:M37) | C5: 14000 | D5: =B5*C5 | E5: =D5/$D$8 | F5: =B5/$B$8 | I5: Antriebswelle (5-Gang) | J5: 1 | K5: 0 | L5: 0 | M5: 0 | N5: 0 | O5: 0 | P5: =SUM(J5:O5)
A6: TT (7-speed) | B6: =SUM(Pufferzonen!N26:N37) | C6: 18000 | D6: =B6*C6 | E6: =D6/$D$8 | F6: =B6/$B$8 | I6: Antriebswelle (6-Gang) | J6: 0 | K6: 1 | L6: 0 | M6: 1 | N6: 0 | O6: 0 | P6: =SUM(J6:O6)
A7: TT (8-speed) | B7: =SUM(Pufferzonen!O26:O37) | C7: 25000 | D7: =B7*C7 | E7: =D7/$D$8 | F7: =B7/$B$8 | I7: Antriebswelle (7-Gang) | J7: 0 | K7: 0 | L7: 1 | M7: 0 | N7: 1 | O7: 0 | P7: =SUM(J7:O7)
A8: Total | B8: =SUM(B2:B7) | D8: =SUM(D2:D7) | E8: =SUM(E2:E7) | F8: =SUM(F2:F7) | I8: Antriebswelle (8-Gang) | J8: 0 | K8: 0 | L8: 0 | M8: 0 | N8: 0 | O8: 1 | P8: =SUM(J8:O8)
A11: Routing | B11: CT5 | C11: CT6 | D11: CT7 | E11: TT6 | F11: TT7 | G11: TT8 | H11: Verfügbarkeit | I11: Aufwand in h | J11: Auslastung | K11: Pacemaker
A12: Schleifen | B12: 13.5 | C12: 13.5 | D12: 13.5 | E12: 13.5 | F12: 13.5 | G12: 13.5 | H12: 3500 | I12: =SUMPRODUCT(B12:G12,$B$36:$G$36)/60 | J12: =(SUMPRODUCT(B12:G12, $B$36:$G$36)/60) / H12 | K12: =IF(J12=MAX($J$12:$J$17),"✔","X")
A13: Polieren | B13: 5 | C13: 5 | D13: 5 | E13: 5 | F13: 5 | G13: 5 | H13: 3500 | I13: =SUMPRODUCT(B13:G13,$B$36:$G$36)/60 | J13: =(SUMPRODUCT(B13:G13, $B$36:$G$36)/60) / H13 | K13: =IF(J13=MAX($J$12:$J$17),"✔","X")
A14: Montagewelle | B14: 12 | C14: 12 | D14: 12 | E14: 12 | F14: 12 | G14: 12 | H14: 3500 | I14: =SUMPRODUCT(B14:G14,$B$36:$G$36)/60 | J14: =(SUMPRODUCT(B14:G14, $B$36:$G$36)/60) / H14 | K14: =IF(J14=MAX($J$12:$J$17),"✔","X")
A15: Fräsen | B15: 10 | C15: 10 | D15: 10 | E15: 10 | F15: 10 | G15: 10 | H15: 3500 | I15: =SUMPRODUCT(B15:G15,$B$36:$G$36)/60 | J15: =(SUMPRODUCT(B15:G15, $B$36:$G$36)/60) / H15 | K15: =IF(J15=MAX($J$12:$J$17),"✔","X")
A16: Finale Montage | B16: 14 | C16: 20 | D16: 25 | E16: 16 | F16: 25 | G16: 28 | H16: 3500 | I16: =SUMPRODUCT(B16:G16,$B$36:$G$36)/60 | J16: =(SUMPRODUCT(B16:G16, $B$36:$G$36)/60) / H16 | K16: =IF(J16=MAX($J$12:$J$17),"✔","X")
A17: Qualitätscheck | B17: 4 | C17: 5 | D17: 5 | E17: 5 | F17: 6 | G17: 8 | H17: 3500 | I17: =SUMPRODUCT(B17:G17,$B$36:$G$36)/60 | J17: =(SUMPRODUCT(B17:G17, $B$36:$G$36)/60) / H17 | K17: =IF(J17=MAX($J$12:$J$17),"✔","X")
A23: Month/product | B23: CT5 | C23: CT6 | D23: CT7 | E23: TT6 | F23: TT7 | G23: TT8
A24: -1 | B24: 391 | C24: 61 | D24: 128 | E24: 227 | F24: 95 | G24: 22
A25: -2 | B25: 366 | C25: 65 | D25: 78 | E25: 215 | F25: 145 | G25: 18
A26: -3 | B26: 402 | C26: 70 | D26: 55 | E26: 333 | F26: 96 | G26: 19
A27: -4 | B27: 294 | C27: 54 | D27: 96 | E27: 196 | F27: 121 | G27: 23
A28: -5 | B28: 359 | C28: 72 | D28: 78 | E28: 310 | F28: 89 | G28: 19
A29: -6 | B29: 356 | C29: 71 | D29: 105 | E29: 273 | F29: 101 | G29: 22
A30: -7 | B30: 324 | C30: 72 | D30: 111 | E30: 338 | F30: 119 | G30: 16
A31: -8 | B31: 382 | C31: 71 | D31: 100 | E31: 360 | F31: 142 | G31: 15
A32: -9 | B32: 353 | C32: 66 | D32: 140 | E32: 318 | F32: 111 | G32: 20
A33: -10 | B33: 306 | C33: 60 | D33: 33 | E33: 375 | F33: 85 | G33: 11
A34: -11 | B34: 349 | C34: 70 | D34: 135 | E34: 416 | F34: 80 | G34: 23
A35: -12 | B35: 352 | C35: 69 | D35: 64 | E35: 291 | F35: 164 | G35: 17
A36: Summe | B36: =SUM(B24:B35) | C36: =SUM(C24:C35) | D36: =SUM(D24:D35) | E36: =SUM(E24:E35) | F36: =SUM(F24:F35) | G36: =SUM(G24:G35)

Sheet ABC und XYZ Analyse
A1: ABC analysis | I1: XYZ analysis
A2: FG | B2: Prozentsatz des Gesamtwerts | C2: Prozentsatz der Gesamtmenge | D2: Kumulativer Prozentsatz des Gesamtwerts | E2: Kumulativer Prozentsatz der Gesamtmenge | F2: Klassifizierung nach Value | G2: Klassifizierung nach Quantity | I2: FG | J2: Ø (Mittelwert) | K2: σ (Standardabw.) | L2: S | M2: Klasse
A3: TT6 | B3: =Pacemaker!D5/Pacemaker!$D$8 | C3: =Pacemaker!B5/Pacemaker!$B$8 | D3: =SUM($B$3:B3) | E3: =SUM($C$3:C3) | F3: A | G3: B | I3: CT5 | J3: =AVERAGE($B$15:B26) | K3: =_xlfn.STDEV.P(B15:B26) | L3: =Tabelle24[[#This Row],[σ (Standardabw.)]]/Tabelle24[[#This Row],[Ø (Mittelwert)]] | M3: =IF(L3<0.1,"X",IF(L3<0.25,"Y","Z"))
A4: TT7 | B4: =Pacemaker!D6/Pacemaker!$D$8 | C4: =Pacemaker!B6/Pacemaker!$B$8 | D4: =SUM($B$3:B4) | E4: =SUM($C$3:C4) | F4: B | G4: C | I4: CT6 | J4: =AVERAGE($C$15:C26) | K4: =_xlfn.STDEV.P(C15:C26) | L4: =Tabelle24[[#This Row],[σ (Standardabw.)]]/Tabelle24[[#This Row],[Ø (Mittelwert)]] | M4: =IF(L4<0.1,"X",IF(L4<0.25,"Y","Z"))
A5: TT8 | B5: =Pacemaker!D7/Pacemaker!$D$8 | C5: =Pacemaker!B7/Pacemaker!$B$8 | D5: =SUM($B$3:B5) | E5: =SUM($C$3:C5) | F5: B | G5: C | I5: CT7 | J5: =AVERAGE($D$15:D26) | K5: =_xlfn.STDEV.P(D15:D26) | L5: =Tabelle24[[#This Row],[σ (Standardabw.)]]/Tabelle24[[#This Row],[Ø (Mittelwert)]] | M5: =IF(L5<0.1,"X",IF(L5<0.25,"Y","Z"))
A6: CT5 | B6: =Pacemaker!D2/Pacemaker!$D$8 | C6: =Pacemaker!B2/Pacemaker!$B$8 | D6: =SUM($B$3:B6) | E6: =SUM($C$3:C6) | F6: C | G6: C | I6: TT(6-speed) | J6: =AVERAGE($E$15:E26) | K6: =_xlfn.STDEV.P(E15:E26) | L6: =Tabelle24[[#This Row],[σ (Standardabw.)]]/Tabelle24[[#This Row],[Ø (Mittelwert)]] | M6: =IF(L6<0.1,"X",IF(L6<0.25,"Y","Z"))
A7: CT7 | B7: =Pacemaker!D4/Pacemaker!$D$8 | C7: =Pacemaker!B4/Pacemaker!$B$8 | D7: =SUM($B$3:B7) | E7: =SUM($C$3:C7) | F7: C | G7: C | I7: TT(7-speed) | J7: =AVERAGE($F$15:F26) | K7: =_xlfn.STDEV.P(F15:F26) | L7: =Tabelle24[[#This Row],[σ (Standardabw.)]]/Tabelle24[[#This Row],[Ø (Mittelwert)]] | M7: =IF(L7<0.1,"X",IF(L7<0.25,"Y","Z"))
A8: CT6 | B8: =Pacemaker!D3/Pacemaker!$D$8 | C8: =Pacemaker!B3/Pacemaker!$B$8 | D8: =SUM($B$3:B8) | E8: =SUM($C$3:C8) | F8: C | G8: C | I8: TT (8-speed) | J8: =AVERAGE($G$15:G26) | K8: =_xlfn.STDEV.P(G15:G26) | L8: =Tabelle24[[#This Row],[σ (Standardabw.)]]/Tabelle24[[#This Row],[Ø (Mittelwert)]] | M8: =IF(L8<0.1,"X",IF(L8<0.25,"Y","Z"))
A14: Month/product | B14: CT (5-speed) | C14: CT (6-speed) | D14: CT (7-speed) | E14: TT (6-speed) | F14: TT (7-speed) | G14: TT (8-speed) | H14: Gesamt | J14: Predictive Accuracy | K14: Percentage of total demand value
A15: -1 | B15: 391 | C15: 61 | D15: 128 | E15: 227 | F15: 95 | G15: 22 | H15: =SUM(B15:G15) | K15: A-Material | L15: B-Material | M15: C-Material
A16: -2 | B16: 366 | C16: 65 | D16: 78 | E16: 215 | F16: 145 | G16: 18 | H16: =SUM(B16:G16) | J16: X-Material | M16: CT5, CT6
A17: -3 | B17: 402 | C17: 70 | D17: 55 | E17: 333 | F17: 96 | G17: 19 | H17: =SUM(B17:G17) | J17: Y-Material | K17: TT6 | L17: TT7. TT8
A18: -4 | B18: 294 | C18: 54 | D18: 96 | E18: 196 | F18: 121 | G18: 23 | H18: =SUM(B18:G18) | J18: Z-Material | M18: CT7
A19: -5 | B19: 359 | C19: 72 | D19: 78 | E19: 310 | F19: 89 | G19: 19 | H19: =SUM(B19:G19) | K19: Consumption-Based Pull Strategy | M19: Sequential Pull Strategy
A20: -6 | B20: 356 | C20: 71 | D20: 105 | E20: 273 | F20: 101 | G20: 22 | H20: =SUM(B20:G20)
A21: -7 | B21: 324 | C21: 72 | D21: 111 | E21: 338 | F21: 119 | G21: 16 | H21: =SUM(B21:G21)
A22: -8 | B22: 382 | C22: 71 | D22: 100 | E22: 360 | F22: 142 | G22: 15 | H22: =SUM(B22:G22)
A23: -9 | B23: 353 | C23: 66 | D23: 140 | E23: 318 | F23: 111 | G23: 20 | H23: =SUM(B23:G23)
A24: -10 | B24: 306 | C24: 60 | D24: 33 | E24: 375 | F24: 85 | G24: 11 | H24: =SUM(B24:G24)
A25: -11 | B25: 349 | C25: 70 | D25: 135 | E25: 416 | F25: 80 | G25: 23 | H25: =SUM(B25:G25)
A26: -12 | B26: 352 | C26: 69 | D26: 64 | E26: 291 | F26: 164 | G26: 17 | H26: =SUM(B26:G26)
A27: Summe | B27: =SUM(B15:B26) | C27: =SUM(C15:C26) | D27: =SUM(D15:D26) | E27: =SUM(E15:E26) | F27: =SUM(F15:F26) | G27: =SUM(G15:G26) | H27: =SUM(B27:G27)
A30: Kombination | B30: Produkte | C30: Typische Steuerung | D30: Erklärung
A31: A-Y | B31: TT6 | C31: Product Specific Kanban + Consumption-based Pull | D31: Hoher Wert + mittlere Schwankung -> Kernlinie
A32: B-Y | B32: TT7,TT8 | C32: Product Specific Kanban | D32: Mittlerr Wert, mäßig schwankend -> stabile Serienprodukte
A33: C-X | B33: CT5, CT6 | C33: Consumption-based Pull | D33: Geringer Wert aber konstante Nachfrage -> einfach nach Verbrauch zu steuern
A34: C-Z | B34: CT7 | C34: Event Kanban / Sequential Pull | D34: Niedriger Wert + Volatile Nachfrage -> Nur bei Bedarf fertigen

Sheet Length of a pitch
A1: Produkt | B1: Setupzeit | C1: Produktionszeit | D1: Maximum number of Kanbans per Pitch | E1: Zeitverlust durch Schichtrest | F1: Zeitverlust durch Pitch pro Produkt | G1: Zeitverlust Gesamt
A2: CT5 | B2: 1 | C2: 14 | D2: =INT($B$14/C2) | E2: =($B$13-INT($B$13/$B$14)*$B$14)*2 | F2: =IF(MOD($B$14/C2,1)=0,0,($B$14-$D$2*$C$2)*INT(H19/D2)) | G2: =F2
A3: CT6 | B3: 1 | C3: 20 | D3: =INT($B$14/C3) | E3: =($B$13-INT($B$13/$B$14)*$B$14)*2 | F3: =IF(MOD($B$14/C3,1)=0,0,($B$14-D3*C3)*INT(I19/D3)) | G3: =F3
A4: CT7 | B4: 1 | C4: 25 | D4: =INT($B$14/C4) | E4: =($B$13-INT($B$13/$B$14)*$B$14)*2 | F4: =IF(MOD($B$14/C4,1)=0,0,($B$14-D4*C4)*INT(J19/D4)) | G4: =F4
A5: TT6 | B5: 2 | C5: 16 | D5: =INT($B$14/C5) | E5: =($B$13-INT($B$13/$B$14)*$B$14)*2 | F5: =IF(MOD($B$14/C5,1)=0,0,($B$14-D5*C5)*INT(K19/D5)) | G5: =F5
A6: TT7 | B6: 2 | C6: 25 | D6: =INT($B$14/C6) | E6: =($B$13-INT($B$13/$B$14)*$B$14)*2 | F6: =IF(MOD($B$14/C6,1)=0,0,($B$14-D6*C6)*INT(L19/D6)) | G6: =F6
A7: TT8 | B7: 2 | C7: 28 | D7: =INT($B$14/C7) | E7: =($B$13-INT($B$13/$B$14)*$B$14)*2 | F7: =IF(MOD($B$14/C7,1)=0,0,($B$14-D7*C7)*INT(M19/D7)) | G7: =F7
A8: Summe | F8: =SUM(F2:F7) | G8: =SUM(G2:G7)+E2
A12: Minimal Wasted Time | B12: =MIN(B26:B97)
A13: Length of Shift | B13: 420
A14: Initial Length of Pitch | B14: 28
A15: Final Length of Pitch | B15: =INDEX(A26:A97,MATCH(B12,B26:B97,0))
A17: Produkt | B17: Setupzeit | C17: Produktionszeit | D17: Maximum number of Kanbans per Pitch | H17: CT (5-speed) | I17: CT (6-speed) | J17: CT (7-speed) | K17: TT (6-speed) | L17: TT (7-speed) | M17: TT (8-speed) | N17: Gesamt
A18: CT5 | B18: =1+2+5+5+1+2 | C18: =13.5+5+12+10+4+14 | D18: =INT($B$14/C18) | G18: Total Demand | H18: 4234 | I18: 801 | J18: 1123 | K18: 3652 | L18: 1348 | M18: 225 | N18: 11383
A19: CT6 | B19: =1+2+5+5+2+1 | C19: =13.5+5+12+10+5+20 | D19: =INT($B$14/C19) | G19: Durchschnitt/Tag | H19: =INT(4234/240) | I19: =INT(801/240) | J19: =INT(1123/240) | K19: =INT(3652/240) | L19: =INT(1348/240) | M19: =225/240 | N19: =11383/240
A20: CT7 | B20: =1+2+5+5+2+1 | C20: =13.5+5+12+10+5+25 | D20: =INT($B$14/C20)
A21: TT6 | B21: =1+2+5+5+3+2 | C21: =13.5+5+12+10+5+16 | D21: =INT($B$14/C21)
A22: TT7 | B22: =1+2+5+5+3+2 | C22: =13.5+5+12+10+6+25 | D22: =INT($B$14/C22)
A23: TT8 | B23: =1+2+5+5+3+2 | C23: =13.5+5+12+10+8+28 | D23: =INT($B$14/C23)
A25: Length of Pitch | B25: Zeitverlust Gesamt
A26: 28 | B26: =$G$8
A27: 29
A28: 30 | B28: 301
A29: 31 | B29: 370
A30: 32 | B30: 139
A31: 33 | B31: 206
A32: 34 | B32: 209
A33: 35 | B33: 212
A34: 36 | B34: 287
A35: 37 | B35: 292
A36: 38 | B36: 297
A37: 39 | B37: 380
A38: 40 | B38: 327
A39: 41 | B39: 332
... A97: 99 | B97: 104

Sheet Nr of Kanbans
A1: Produkt | B1: Durchschnittliche Nachfrage (monatlich) | C1: Durchnittliche Nachfrage (täglich) | D1: Variabilität (Standardbweichung ) | E1: Pitch Length (min) | F1: Gesamtzahl Pitches im Horizont (NPpT) | G1: Anzahl Base Periods NBT | H1: Average pitches per Base Period NPpBP) | I1: Cycle Length CLp | J1: Standardabweichung der Tagesnachfrage | K1: Cycle Stock Cp | L1: Safety Stock Sp | M1: Total Kanbans Kp | N1: Green Zone | O1: Yellow Zone | P1: Red Zone | Q1: Event Kanban
A2: CT 5 | B2: =INT(B24/12) | C2: =INT(B24/240) | D2: =_xlfn.STDEV.P(B12:B23) | E2: 84 | F2: =B24/M12 | G2: 240 | H2: =F2/G2 | I2: =1/H2 | J2: =D2/SQRT(20) | K2: =ROUNDUP(B24/G2,0) | L2: =ROUNDUP( $B$30 * J2 * SQRT(I2),0) | M2: =ROUNDUP(K2 +L2,0) | N2: 1 | O2: =ROUNDUP(K2,0)-N2 | P2: =ROUNDUP(L2,0)
A3: CT 6 | B3: =INT(C24/12) | C3: =INT(C24/240) | D3: =_xlfn.STDEV.P(C12:C23) | E3: 84 | F3: =C24/M13 | G3: 240 | H3: =F3/G3 | I3: =1/H3 | J3: =D3/SQRT(20) | K3: =ROUNDUP(C24/G3,0) | L3: =ROUNDUP( $B$30 * J3 * SQRT(I3),0) | M3: =ROUNDUP(K3 +L3,0) | N3: 1 | O3: =ROUNDUP(K3,0)-N3 | P3: =ROUNDUP(L3,0)
A4: CT 7 | B4: =INT(D24/12) | C4: =INT(D24/240) | D4: =_xlfn.STDEV.P(D12:D23) | E4: 84 | F4: =D24/M14 | G4: 240 | H4: =F4/G4 | I4: =1/H4 | J4: =D4/SQRT(20) | K4: =ROUNDUP(D24/G4,0) | L4: =ROUNDUP( $B$30 * J4 * SQRT(I4),0) | M4: =ROUNDUP(K4 +L4,0) | N4: 1 | O4: =ROUNDUP(K4,0)-N4 | P4: =ROUNDUP(L4,0) | Q4: X
A5: TT 6 | B5: =INT(E24/12) | C5: =INT(E24/240) | D5: =_xlfn.STDEV.P(E12:E23) | E5: 84 | F5: =E24/M15 | G5: 240 | H5: =F5/G5 | I5: =1/H5 | J5: =D5/SQRT(20) | K5: =ROUNDUP(E24/G5,0) | L5: =ROUNDUP( $B$30 * J5 * SQRT(I5),0) | M5: =ROUNDUP(K5 +L5,0) | N5: 1 | O5: =ROUNDUP(K5,0)-N5 | P5: =ROUNDUP(L5,0)
A6: TT 7 | B6: =INT(F24/12) | C6: =INT(F24/240) | D6: =_xlfn.STDEV.P(F12:F23) | E6: 84 | F6: =F24/M16 | G6: 240 | H6: =F6/G6 | I6: =1/H6 | J6: =D6/SQRT(20) | K6: =ROUNDUP(F24/G6,0) | L6: =ROUNDUP( $B$30 * J6 * SQRT(I6),0) | M6: =ROUNDUP(K6 +L6,0) | N6: 1 | O6: =ROUNDUP(K6,0)-N6 | P6: =ROUNDUP(L6,0)
A7: TT 8 | B7: =INT(G24/12) | C7: =(G24/240) | D7: =_xlfn.STDEV.P(G12:G23) | E7: 84 | F7: =G24/M17 | G7: 240 | H7: =F7/G7 | I7: =1/H7 | J7: =D7/SQRT(20) | K7: =ROUNDUP(G24/G7,0) | L7: =ROUNDUP( $B$30 * J7 * SQRT(I7),0) | M7: =ROUNDUP(K7 +L7,0) | N7: 1 | O7: =ROUNDUP(K7,0)-N7 | P7: =ROUNDUP(L7,0)
A11: Month/product | B11: CT (5-speed) | C11: CT (6-speed) | D11: CT (7-speed) | E11: TT (6-speed) | F11: TT (7-speed) | G11: TT (8-speed) | H11: Gesamt | J11: Produkt | K11: Setupzeit | L11: Produktionszeit | M11: Maximum number of Kanbans per Pitch | N11: Zeitverlust durch Schichtrest | O11: Zeitverlust durch Pitch pro Produkt | P11: Zeitverlust Gesamt
A12: -1 | B12: 391 | C12: 61 | D12: 128 | E12: 227 | F12: 95 | G12: 22 | H12: =SUM(B12:G12) | J12: CT5 | K12: 1 | L12: 14 | M12: 6 | N12: 0 | O12: 0 | P12: 0
A13: -2 | B13: 366 | C13: 65 | D13: 78 | E13: 215 | F13: 145 | G13: 18 | H13: =SUM(B13:G13) | J13: CT6 | K13: 1 | L13: 20 | M13: 4 | N13: 0 | O13: 0 | P13: 0
A14: -3 | B14: 402 | C14: 70 | D14: 55 | E14: 333 | F14: 96 | G14: 19 | H14: =SUM(B14:G14) | J14: CT7 | K14: 1 | L14: 25 | M14: 3 | N14: 0 | O14: 9 | P14: 9
A15: -4 | B15: 294 | C15: 54 | D15: 96 | E15: 196 | F15: 121 | G15: 23 | H15: =SUM(B15:G15) | J15: TT6 | K15: 2 | L15: 16 | M15: 5 | N15: 0 | O15: 12 | P15: 12
A16: -5 | B16: 359 | C16: 72 | D16: 78 | E16: 310 | F16: 89 | G16: 19 | H16: =SUM(B16:G16) | J16: TT7 | K16: 2 | L16: 25 | M16: 3 | N16: 0 | O16: 9 | P16: 9
A17: -6 | B17: 356 | C17: 71 | D17: 105 | E17: 273 | F17: 101 | G17: 22 | H17: =SUM(B17:G17) | J17: TT8 | K17: 2 | L17: 28 | M17: 3 | N17: 0 | O17: 0 | P17: 0
A18: -7 | B18: 324 | C18: 72 | D18: 111 | E18: 338 | F18: 119 | G18: 16 | H18: =SUM(B18:G18) | J18: Summe | O18: 30 | P18: 30
A19: -8 | B19: 382 | C19: 71 | D19: 100 | E19: 360 | F19: 142 | G19: 15 | H19: =SUM(B19:G19)
A20: -9 | B20: 353 | C20: 66 | D20: 140 | E20: 318 | F20: 111 | G20: 20 | H20: =SUM(B20:G20)
A21: -10 | B21: 306 | C21: 60 | D21: 33 | E21: 375 | F21: 85 | G21: 11 | H21: =SUM(B21:G21)
A22: -11 | B22: 349 | C22: 70 | D22: 135 | E22: 416 | F22: 80 | G22: 23 | H22: =SUM(B22:G22)
A23: -12 | B23: 352 | C23: 69 | D23: 64 | E23: 291 | F23: 164 | G23: 17 | H23: =SUM(B23:G23)
A24: Summe | B24: =SUM(B12:B23) | C24: =SUM(C12:C23) | D24: =SUM(D12:D23) | E24: =SUM(E12:E23) | F24: =SUM(F12:F23) | G24: =SUM(G12:G23) | H24: =SUM(B24:G24)
A28: Planungshorizont | B28: 240 Arbeitstage
A29: Base Period | B29: 840min
A30: Servicelefelfaktor kp | B30: 2.576 | C30: 0.995
A31: Anzahl Slots | B31: =SUM(M2:M7)

Sheet Tabelle1
A1: Bill Of Material (BOM) | B1: CT5 | C1: CT6 | D1: CT7 | E1: TT6 | F1: TT7 | G1: TT8 | H1: Total | J1: FG | K1: Yearly demand | L1: Unit price (€ per unit) | M1: Total value | N1: Percentage of total value | O1: Percentage of total quantity
A2: Dichtungsringe | B2: 6 | C2: 7 | D2: 4 | E2: 8 | F2: 12 | G2: 14 | H2: =SUM(B2:G2) | J2: CT (5-speed) | K2: 4234 | L2: 1000 | M2: =K2*L2 | N2: =M2/$M$8 | O2: =K2/$K$8
A3: Schrauben | B3: 12 | C3: 15 | D3: 18 | E3: 20 | F3: 25 | G3: 30 | H3: =SUM(B3:G3) | J3: CT (6-speed) | K3: 801 | L3: 1500 | M3: =K3*L3 | N3: =M3/$M$8 | O3: =K3/$K$8
A4: Gehäuse | B4: 1 | C4: 1 | D4: 1 | E4: 1 | F4: 1 | G4: 1 | H4: =SUM(B4:G4) | J4: CT (7-speed) | K4: 1123 | L4: 3000 | M4: =K4*L4 | N4: =M4/$M$8 | O4: =K4/$K$8
A5: Antriebswelle (5-Gang) | B5: 1 | C5: 0 | D5: 0 | E5: 0 | F5: 0 | G5: 0 | H5: =SUM(B5:G5) | J5: TT (6-speed) | K5: 3652 | L5: 14000 | M5: =K5*L5 | N5: =M5/$M$8 | O5: =K5/$K$8
A6: Antriebswelle (6-Gang) | B6: 0 | C6: 1 | D6: 0 | E6: 1 | F6: 0 | G6: 0 | H6: =SUM(B6:G6) | J6: TT (7-speed) | K6: 1348 | L6: 18000 | M6: =K6*L6 | N6: =M6/$M$8 | O6: =K6/$K$8
A7: Antriebswelle (7-Gang) | B7: 0 | C7: 0 | D7: 1 | E7: 0 | F7: 1 | G7: 0 | H7: =SUM(B7:G7) | J7: TT (8-speed) | K7: 225 | L7: 25000 | M7: =K7*L7 | N7: =M7/$M$8 | O7: =K7/$K$8
A8: Antriebswelle (8-Gang) | B8: 0 | C8: 0 | D8: 0 | E8: 0 | F8: 0 | G8: 1 | H8: =SUM(B8:G8) | J8: Total | K8: =SUM(K2:K7) | M8: =SUM(M2:M7) | N8: =SUM(N2:N7) | O8: =SUM(O2:O7)
A11: Month/product | B11: CT5 | C11: CT6 | D11: CT7 | E11: TT6 | F11: TT7 | G11: TT8 | J11: Routing | K11: CT5 | L11: CT6 | M11: CT7 | N11: TT6 | O11: TT7 | P11: TT8
A12: -1 | B12: 391 | C12: 61 | D12: 128 | E12: 227 | F12: 95 | G12: 22 | J12: Schleifen | K12: 13.5 | L12: 13.5 | M12: 13.5 | N12: 13.5 | O12: 13.5 | P12: 13.5
A13: -2 | B13: 366 | C13: 65 | D13: 78 | E13: 215 | F13: 145 | G13: 18 | J13: Polieren | K13: 5 | L13: 5 | M13: 5 | N13: 5 | O13: 5 | P13: 5
A14: -3 | B14: 402 | C14: 70 | D14: 55 | E14: 333 | F14: 96 | G14: 19 | J14: Montagewelle | K14: 12 | L14: 12 | M14: 12 | N14: 12 | O14: 12 | P14: 12
A15: -4 | B15: 294 | C15: 54 | D15: 96 | E15: 196 | F15: 121 | G15: 23 | J15: Fräsen | K15: 10 | L15: 10 | M15: 10 | N15: 10 | O15: 10 | P15: 10
A16: -5 | B16: 359 | C16: 72 | D16: 78 | E16: 310 | F16: 89 | G16: 19 | J16: Finale Montage | K16: 14 | L16: 20 | M16: 25 | N16: 16 | O16: 25 | P16: 28
A17: -6 | B17: 356 | C17: 71 | D17: 105 | E17: 273 | F17: 101 | G17: 22 | J17: Qualitätscheck | K17: 4 | L17: 5 | M17: 5 | N17: 5 | O17: 6 | P17: 8
A18: -7 | B18: 324 | C18: 72 | D18: 111 | E18: 338 | F18: 119 | G18: 16 | J18: Total | K18: =SUM(K12:K17) | L18: =SUM(L12:L17) | M18: =SUM(M12:M17) | N18: =SUM(N12:N17) | O18: =SUM(O12:O17) | P18: =SUM(P12:P17)
A19: -8 | B19: 382 | C19: 71 | D19: 100 | E19: 360 | F19: 142 | G19: 15
A20: -9 | B20: 353 | C20: 66 | D20: 140 | E20: 318 | F20: 111 | G20: 20
A21: -10 | B21: 306 | C21: 60 | D21: 33 | E21: 375 | F21: 85 | G21: 11
A22: -11 | B22: 349 | C22: 70 | D22: 135 | E22: 416 | F22: 80 | G22: 23
A23: -12 | B23: 352 | C23: 69 | D23: 64 | E23: 291 | F23: 164 | G23: 17
A24: Summe | B24: =SUM(B12:B23) | C24: =SUM(C12:C23) | D24: =SUM(D12:D23) | E24: =SUM(E12:E23) | F24: =SUM(F12:F23) | G24: =SUM(G12:G23)
